Run ID,Total Ticks,Timestamp,Red Policy (G1/X1/G2/X2/G3/X3/X4),Blue Policy (G1/X1/G2/X2/G3/X3/X4),Num Ticks
4,137,1513429435058,60,5,80,5,200,5,4,60,5,160,5,200,10,20,137
8,379,1513429435162,60,5,80,5,200,5,4,60,5,160,5,200,10,20,379
9,369,1513429435174,60,5,80,5,200,5,8,180,5,240,5,400,5,8,369
10,434,1513429435181,60,5,80,5,200,5,8,180,5,240,5,400,5,8,434
13,443,1513429435209,60,5,80,5,200,5,8,180,5,240,5,400,5,8,443
15,192,1513429435232,60,5,80,5,200,5,8,180,5,240,5,400,5,8,192
17,218,1513429435246,60,5,80,5,200,5,8,180,5,240,5,400,5,8,218
18,200,1513429435253,60,5,80,5,200,5,12,180,10,240,10,600,5,12,200
22,113,1513429435312,60,5,80,5,200,5,12,180,10,240,10,600,5,12,113
23,269,1513429435324,60,5,80,5,200,5,12,180,10,240,10,600,5,12,269
24,211,1513429435330,60,5,80,5,200,5,12,180,10,240,10,600,5,12,211
27,167,1513429435355,60,5,80,5,200,5,16,60,10,160,5,200,10,20,167
30,419,1513429435413,60,5,80,5,200,5,16,60,10,160,5,200,10,20,419
48,228,1513429435622,60,5,80,5,200,10,4,180,15,240,15,600,10,12,228
51,148,1513429435699,60,5,80,5,200,10,4,180,15,240,15,600,10,12,148
53,159,1513429435715,60,5,80,5,200,10,4,180,15,240,15,600,10,12,159
54,255,1513429435719,60,5,80,5,200,10,8,180,5,80,10,400,15,8,255
56,157,1513429435736,60,5,80,5,200,10,8,180,5,80,10,400,15,8,157
57,233,1513429435746,60,5,80,5,200,10,8,180,5,80,10,400,15,8,233
58,198,1513429435765,60,5,80,5,200,10,8,180,5,80,10,400,15,8,198
59,204,1513429435771,60,5,80,5,200,10,8,180,5,80,10,400,15,8,204
60,165,1513429435778,60,5,80,5,200,10,8,180,5,80,10,400,15,8,165
62,162,1513429435789,60,5,80,5,200,10,8,180,5,80,10,400,15,8,162
63,111,1513429435796,60,5,80,5,200,10,12,120,10,160,5,200,15,20,111
65,270,1513429435810,60,5,80,5,200,10,12,120,10,160,5,200,15,20,270
68,156,1513429435842,60,5,80,5,200,10,12,120,10,160,5,200,15,20,156
70,138,1513429435863,60,5,80,5,200,10,12,120,10,160,5,200,15,20,138
73,206,1513429435887,60,5,80,5,200,10,16,60,5,80,15,600,15,12,206
74,156,1513429435893,60,5,80,5,200,10,16,60,5,80,15,600,15,12,156
75,195,1513429435903,60,5,80,5,200,10,16,60,5,80,15,600,15,12,195
76,156,1513429435907,60,5,80,5,200,10,16,60,5,80,15,600,15,12,156
77,147,1513429435910,60,5,80,5,200,10,16,60,5,80,15,600,15,12,147
79,197,1513429435922,60,5,80,5,200,10,16,60,5,80,15,600,15,12,197
80,112,1513429435929,60,5,80,5,200,10,16,60,5,80,15,600,15,12,112
84,114,1513429435953,60,5,80,5,200,10,20,120,5,80,5,600,15,12,114
85,149,1513429435969,60,5,80,5,200,10,20,120,5,80,5,600,15,12,149
86,197,1513429435975,60,5,80,5,200,10,20,120,5,80,5,600,15,12,197
87,128,1513429435983,60,5,80,5,200,10,20,120,5,80,5,600,15,12,128
88,137,1513429435985,60,5,80,5,200,10,20,120,5,80,5,600,15,12,137
89,146,1513429435987,60,5,80,5,200,10,20,120,5,80,5,600,15,12,146
90,117,1513429435991,60,5,80,5,200,15,4,180,10,160,5,400,10,12,117
91,149,1513429435995,60,5,80,5,200,15,4,180,10,160,5,400,10,12,149
92,141,1513429436004,60,5,80,5,200,15,4,180,10,160,5,400,10,12,141
94,140,1513429436015,60,5,80,5,200,15,4,180,10,160,5,400,10,12,140
95,134,1513429436026,60,5,80,5,200,15,4,180,10,160,5,400,10,12,134
98,142,1513429436058,60,5,80,5,200,15,4,180,10,160,5,400,10,12,142
99,146,1513429436066,60,5,80,5,200,15,8,120,5,240,10,400,15,8,146
100,150,1513429436072,60,5,80,5,200,15,8,120,5,240,10,400,15,8,150
101,130,1513429436114,60,5,80,5,200,15,8,120,5,240,10,400,15,8,130
102,133,1513429436117,60,5,80,5,200,15,8,120,5,240,10,400,15,8,133
103,116,1513429436119,60,5,80,5,200,15,8,120,5,240,10,400,15,8,116
104,155,1513429436129,60,5,80,5,200,15,8,120,5,240,10,400,15,8,155
105,172,1513429436131,60,5,80,5,200,15,8,120,5,240,10,400,15,8,172
106,126,1513429436135,60,5,80,5,200,15,8,120,5,240,10,400,15,8,126
109,159,1513429436154,60,5,80,5,200,15,12,120,10,160,10,400,15,12,159
110,155,1513429436160,60,5,80,5,200,15,12,120,10,160,10,400,15,12,155
111,108,1513429436163,60,5,80,5,200,15,12,120,10,160,10,400,15,12,108
112,124,1513429436170,60,5,80,5,200,15,12,120,10,160,10,400,15,12,124
113,144,1513429436176,60,5,80,5,200,15,12,120,10,160,10,400,15,12,144
114,107,1513429436179,60,5,80,5,200,15,12,120,10,160,10,400,15,12,107
116,109,1513429436196,60,5,80,5,200,15,12,120,10,160,10,400,15,12,109
117,146,1513429436204,60,5,80,5,200,15,16,120,5,80,10,200,10,12,146
118,138,1513429436209,60,5,80,5,200,15,16,120,5,80,10,200,10,12,138
119,125,1513429436215,60,5,80,5,200,15,16,120,5,80,10,200,10,12,125
120,106,1513429436229,60,5,80,5,200,15,16,120,5,80,10,200,10,12,106
122,151,1513429436236,60,5,80,5,200,15,16,120,5,80,10,200,10,12,151
123,132,1513429436241,60,5,80,5,200,15,16,120,5,80,10,200,10,12,132
124,147,1513429436244,60,5,80,5,200,15,16,120,5,80,10,200,10,12,147
125,126,1513429436246,60,5,80,5,200,15,16,120,5,80,10,200,10,12,126
127,175,1513429436263,60,5,80,5,200,15,20,120,15,160,10,200,5,20,175
128,187,1513429436268,60,5,80,5,200,15,20,120,15,160,10,200,5,20,187
129,128,1513429436275,60,5,80,5,200,15,20,120,15,160,10,200,5,20,128
130,153,1513429436282,60,5,80,5,200,15,20,120,15,160,10,200,5,20,153
131,108,1513429436290,60,5,80,5,200,15,20,120,15,160,10,200,5,20,108
132,140,1513429436297,60,5,80,5,200,15,20,120,15,160,10,200,5,20,140
133,81,1513429436300,60,5,80,5,200,15,20,120,15,160,10,200,5,20,81
137,105,1513429436326,60,5,80,10,200,5,4,120,10,80,15,400,10,8,105
138,114,1513429436330,60,5,80,10,200,5,4,120,10,80,15,400,10,8,114
139,112,1513429436332,60,5,80,10,200,5,4,120,10,80,15,400,10,8,112
140,147,1513429436337,60,5,80,10,200,5,4,120,10,80,15,400,10,8,147
142,115,1513429436351,60,5,80,10,200,5,4,120,10,80,15,400,10,8,115
143,103,1513429436356,60,5,80,10,200,5,4,120,10,80,15,400,10,8,103
144,113,1513429436366,60,5,80,10,200,5,8,60,15,80,15,600,10,8,113
145,175,1513429436373,60,5,80,10,200,5,8,60,15,80,15,600,10,8,175
147,87,1513429436388,60,5,80,10,200,5,8,60,15,80,15,600,10,8,87
148,133,1513429436397,60,5,80,10,200,5,8,60,15,80,15,600,10,8,133
149,123,1513429436407,60,5,80,10,200,5,8,60,15,80,15,600,10,8,123
150,149,1513429436416,60,5,80,10,200,5,8,60,15,80,15,600,10,8,149
151,133,1513429436419,60,5,80,10,200,5,8,60,15,80,15,600,10,8,133
152,108,1513429436428,60,5,80,10,200,5,8,60,15,80,15,600,10,8,108
153,144,1513429436437,60,5,80,10,200,5,12,60,15,240,15,600,10,4,144
155,126,1513429436450,60,5,80,10,200,5,12,60,15,240,15,600,10,4,126
156,139,1513429436460,60,5,80,10,200,5,12,60,15,240,15,600,10,4,139
157,79,1513429436463,60,5,80,10,200,5,12,60,15,240,15,600,10,4,79
159,125,1513429436474,60,5,80,10,200,5,12,60,15,240,15,600,10,4,125
160,120,1513429436483,60,5,80,10,200,5,12,60,15,240,15,600,10,4,120
161,128,1513429436487,60,5,80,10,200,5,12,60,15,240,15,600,10,4,128
162,136,1513429436494,60,5,80,10,200,5,16,60,15,240,5,200,5,20,136
163,103,1513429436501,60,5,80,10,200,5,16,60,15,240,5,200,5,20,103
166,120,1513429436523,60,5,80,10,200,5,16,60,15,240,5,200,5,20,120
168,118,1513429436535,60,5,80,10,200,5,16,60,15,240,5,200,5,20,118
169,105,1513429436537,60,5,80,10,200,5,16,60,15,240,5,200,5,20,105
171,130,1513429436542,60,5,80,10,200,5,20,180,15,240,5,600,15,8,130
172,140,1513429436547,60,5,80,10,200,5,20,180,15,240,5,600,15,8,140
174,133,1513429436553,60,5,80,10,200,5,20,180,15,240,5,600,15,8,133
175,100,1513429436554,60,5,80,10,200,5,20,180,15,240,5,600,15,8,100
176,101,1513429436557,60,5,80,10,200,5,20,180,15,240,5,600,15,8,101
177,116,1513429436560,60,5,80,10,200,5,20,180,15,240,5,600,15,8,116
178,117,1513429436577,60,5,80,10,200,5,20,180,15,240,5,600,15,8,117
179,98,1513429436582,60,5,80,10,200,5,20,180,15,240,5,600,15,8,98
180,88,1513429436586,60,5,80,10,200,10,4,120,5,240,5,400,5,8,88
181,145,1513429436589,60,5,80,10,200,10,4,120,5,240,5,400,5,8,145
182,101,1513429436590,60,5,80,10,200,10,4,120,5,240,5,400,5,8,101
183,115,1513429436591,60,5,80,10,200,10,4,120,5,240,5,400,5,8,115
184,147,1513429436594,60,5,80,10,200,10,4,120,5,240,5,400,5,8,147
185,98,1513429436595,60,5,80,10,200,10,4,120,5,240,5,400,5,8,98
186,65,1513429436597,60,5,80,10,200,10,4,120,5,240,5,400,5,8,65
187,91,1513429436603,60,5,80,10,200,10,4,120,5,240,5,400,5,8,91
188,95,1513429436606,60,5,80,10,200,10,4,120,5,240,5,400,5,8,95
189,100,1513429436609,60,5,80,10,200,10,8,180,5,80,15,600,5,20,100
195,115,1513429436622,60,5,80,10,200,10,8,180,5,80,15,600,5,20,115
197,110,1513429436629,60,5,80,10,200,10,8,180,5,80,15,600,5,20,110
198,93,1513429436632,60,5,80,10,200,10,12,60,5,160,10,600,15,8,93
200,98,1513429436638,60,5,80,10,200,10,12,60,5,160,10,600,15,8,98
201,115,1513429436640,60,5,80,10,200,10,12,60,5,160,10,600,15,8,115
203,107,1513429436646,60,5,80,10,200,10,12,60,5,160,10,600,15,8,107
204,123,1513429436648,60,5,80,10,200,10,12,60,5,160,10,600,15,8,123
205,86,1513429436650,60,5,80,10,200,10,12,60,5,160,10,600,15,8,86
206,108,1513429436654,60,5,80,10,200,10,12,60,5,160,10,600,15,8,108
207,86,1513429436656,60,5,80,10,200,10,16,180,10,80,5,200,10,4,86
210,99,1513429436664,60,5,80,10,200,10,16,180,10,80,5,200,10,4,99
211,134,1513429436670,60,5,80,10,200,10,16,180,10,80,5,200,10,4,134
212,123,1513429436671,60,5,80,10,200,10,16,180,10,80,5,200,10,4,123
213,108,1513429436675,60,5,80,10,200,10,16,180,10,80,5,200,10,4,108
216,102,1513429436685,60,5,80,10,200,10,20,120,5,80,10,600,15,20,102
217,108,1513429436689,60,5,80,10,200,10,20,120,5,80,10,600,15,20,108
218,111,1513429436694,60,5,80,10,200,10,20,120,5,80,10,600,15,20,111
219,131,1513429436696,60,5,80,10,200,10,20,120,5,80,10,600,15,20,131
221,142,1513429436703,60,5,80,10,200,10,20,120,5,80,10,600,15,20,142
222,118,1513429436706,60,5,80,10,200,10,20,120,5,80,10,600,15,20,118
223,99,1513429436708,60,5,80,10,200,10,20,120,5,80,10,600,15,20,99
224,144,1513429436714,60,5,80,10,200,10,20,120,5,80,10,600,15,20,144
226,102,1513429436719,60,5,80,10,200,15,4,60,15,160,5,400,10,4,102
227,122,1513429436724,60,5,80,10,200,15,4,60,15,160,5,400,10,4,122
228,112,1513429436727,60,5,80,10,200,15,4,60,15,160,5,400,10,4,112
229,126,1513429436730,60,5,80,10,200,15,4,60,15,160,5,400,10,4,126
230,109,1513429436735,60,5,80,10,200,15,4,60,15,160,5,400,10,4,109
231,107,1513429436736,60,5,80,10,200,15,4,60,15,160,5,400,10,4,107
232,86,1513429436737,60,5,80,10,200,15,4,60,15,160,5,400,10,4,86
233,86,1513429436740,60,5,80,10,200,15,4,60,15,160,5,400,10,4,86
234,101,1513429436741,60,5,80,10,200,15,8,60,5,240,15,400,10,4,101
235,107,1513429436742,60,5,80,10,200,15,8,60,5,240,15,400,10,4,107
236,101,1513429436744,60,5,80,10,200,15,8,60,5,240,15,400,10,4,101
237,104,1513429436748,60,5,80,10,200,15,8,60,5,240,15,400,10,4,104
238,112,1513429436752,60,5,80,10,200,15,8,60,5,240,15,400,10,4,112
239,100,1513429436755,60,5,80,10,200,15,8,60,5,240,15,400,10,4,100
240,92,1513429436758,60,5,80,10,200,15,8,60,5,240,15,400,10,4,92
241,90,1513429436761,60,5,80,10,200,15,8,60,5,240,15,400,10,4,90
242,95,1513429436764,60,5,80,10,200,15,8,60,5,240,15,400,10,4,95
243,98,1513429436767,60,5,80,10,200,15,12,60,10,160,10,400,10,20,98
244,105,1513429436771,60,5,80,10,200,15,12,60,10,160,10,400,10,20,105
245,110,1513429436774,60,5,80,10,200,15,12,60,10,160,10,400,10,20,110
246,93,1513429436776,60,5,80,10,200,15,12,60,10,160,10,400,10,20,93
248,114,1513429436783,60,5,80,10,200,15,12,60,10,160,10,400,10,20,114
249,120,1513429436785,60,5,80,10,200,15,12,60,10,160,10,400,10,20,120
250,97,1513429436786,60,5,80,10,200,15,12,60,10,160,10,400,10,20,97
251,89,1513429436788,60,5,80,10,200,15,12,60,10,160,10,400,10,20,89
252,112,1513429436792,60,5,80,10,200,15,16,180,15,80,10,200,15,20,112
254,85,1513429436809,60,5,80,10,200,15,16,180,15,80,10,200,15,20,85
255,95,1513429436812,60,5,80,10,200,15,16,180,15,80,10,200,15,20,95
256,94,1513429436816,60,5,80,10,200,15,16,180,15,80,10,200,15,20,94
257,117,1513429436818,60,5,80,10,200,15,16,180,15,80,10,200,15,20,117
259,107,1513429436825,60,5,80,10,200,15,16,180,15,80,10,200,15,20,107
260,112,1513429436829,60,5,80,10,200,15,16,180,15,80,10,200,15,20,112
261,104,1513429436833,60,5,80,10,200,15,20,180,5,80,10,200,15,12,104
262,124,1513429436835,60,5,80,10,200,15,20,180,5,80,10,200,15,12,124
263,104,1513429436838,60,5,80,10,200,15,20,180,5,80,10,200,15,12,104
265,110,1513429436841,60,5,80,10,200,15,20,180,5,80,10,200,15,12,110
266,96,1513429436842,60,5,80,10,200,15,20,180,5,80,10,200,15,12,96
267,86,1513429436844,60,5,80,10,200,15,20,180,5,80,10,200,15,12,86
268,125,1513429436846,60,5,80,10,200,15,20,180,5,80,10,200,15,12,125
269,112,1513429436847,60,5,80,10,200,15,20,180,5,80,10,200,15,12,112
270,87,1513429436849,60,5,80,15,200,5,4,180,5,80,10,200,5,20,87
271,88,1513429436855,60,5,80,15,200,5,4,180,5,80,10,200,5,20,88
272,100,1513429436857,60,5,80,15,200,5,4,180,5,80,10,200,5,20,100
273,84,1513429436859,60,5,80,15,200,5,4,180,5,80,10,200,5,20,84
274,102,1513429436860,60,5,80,15,200,5,4,180,5,80,10,200,5,20,102
275,79,1513429436861,60,5,80,15,200,5,4,180,5,80,10,200,5,20,79
276,77,1513429436862,60,5,80,15,200,5,4,180,5,80,10,200,5,20,77
277,93,1513429436865,60,5,80,15,200,5,4,180,5,80,10,200,5,20,93
279,86,1513429436871,60,5,80,15,200,5,8,180,15,240,15,400,15,20,86
280,104,1513429436874,60,5,80,15,200,5,8,180,15,240,15,400,15,20,104
281,117,1513429436879,60,5,80,15,200,5,8,180,15,240,15,400,15,20,117
282,93,1513429436881,60,5,80,15,200,5,8,180,15,240,15,400,15,20,93
283,90,1513429436882,60,5,80,15,200,5,8,180,15,240,15,400,15,20,90
284,116,1513429436885,60,5,80,15,200,5,8,180,15,240,15,400,15,20,116
285,84,1513429436887,60,5,80,15,200,5,8,180,15,240,15,400,15,20,84
286,71,1513429436890,60,5,80,15,200,5,8,180,15,240,15,400,15,20,71
287,91,1513429436892,60,5,80,15,200,5,8,180,15,240,15,400,15,20,91
288,90,1513429436893,60,5,80,15,200,5,12,180,10,160,10,400,15,20,90
289,102,1513429436894,60,5,80,15,200,5,12,180,10,160,10,400,15,20,102
290,84,1513429436897,60,5,80,15,200,5,12,180,10,160,10,400,15,20,84
291,82,1513429436899,60,5,80,15,200,5,12,180,10,160,10,400,15,20,82
293,89,1513429436903,60,5,80,15,200,5,12,180,10,160,10,400,15,20,89
294,101,1513429436905,60,5,80,15,200,5,12,180,10,160,10,400,15,20,101
295,84,1513429436907,60,5,80,15,200,5,12,180,10,160,10,400,15,20,84
296,95,1513429436909,60,5,80,15,200,5,12,180,10,160,10,400,15,20,95
297,122,1513429436911,60,5,80,15,200,5,16,60,10,80,10,600,15,20,122
300,100,1513429436916,60,5,80,15,200,5,16,60,10,80,10,600,15,20,100
301,125,1513429436921,60,5,80,15,200,5,16,60,10,80,10,600,15,20,125
302,108,1513429436923,60,5,80,15,200,5,16,60,10,80,10,600,15,20,108
304,115,1513429436928,60,5,80,15,200,5,16,60,10,80,10,600,15,20,115
305,110,1513429436930,60,5,80,15,200,5,16,60,10,80,10,600,15,20,110
306,94,1513429436932,60,5,80,15,200,5,20,120,15,80,15,600,10,12,94
308,84,1513429436936,60,5,80,15,200,5,20,120,15,80,15,600,10,12,84
309,117,1513429436937,60,5,80,15,200,5,20,120,15,80,15,600,10,12,117
310,105,1513429436940,60,5,80,15,200,5,20,120,15,80,15,600,10,12,105
311,90,1513429436942,60,5,80,15,200,5,20,120,15,80,15,600,10,12,90
312,92,1513429436944,60,5,80,15,200,5,20,120,15,80,15,600,10,12,92
313,106,1513429436946,60,5,80,15,200,5,20,120,15,80,15,600,10,12,106
314,70,1513429436948,60,5,80,15,200,5,20,120,15,80,15,600,10,12,70
318,96,1513429436953,60,5,80,15,200,10,4,120,5,240,15,200,15,4,96
319,68,1513429436954,60,5,80,15,200,10,4,120,5,240,15,200,15,4,68
320,92,1513429436957,60,5,80,15,200,10,4,120,5,240,15,200,15,4,92
321,74,1513429436957,60,5,80,15,200,10,4,120,5,240,15,200,15,4,74
322,87,1513429436958,60,5,80,15,200,10,4,120,5,240,15,200,15,4,87
323,91,1513429436960,60,5,80,15,200,10,4,120,5,240,15,200,15,4,91
325,99,1513429436962,60,5,80,15,200,10,8,120,5,240,10,200,15,4,99
327,98,1513429436966,60,5,80,15,200,10,8,120,5,240,10,200,15,4,98
329,92,1513429436970,60,5,80,15,200,10,8,120,5,240,10,200,15,4,92
330,89,1513429436971,60,5,80,15,200,10,8,120,5,240,10,200,15,4,89
332,100,1513429436973,60,5,80,15,200,10,8,120,5,240,10,200,15,4,100
333,114,1513429436974,60,5,80,15,200,10,12,60,15,240,10,600,10,4,114
334,100,1513429436976,60,5,80,15,200,10,12,60,15,240,10,600,10,4,100
335,95,1513429436979,60,5,80,15,200,10,12,60,15,240,10,600,10,4,95
336,93,1513429436980,60,5,80,15,200,10,12,60,15,240,10,600,10,4,93
337,93,1513429436982,60,5,80,15,200,10,12,60,15,240,10,600,10,4,93
338,88,1513429436984,60,5,80,15,200,10,12,60,15,240,10,600,10,4,88
340,122,1513429436988,60,5,80,15,200,10,12,60,15,240,10,600,10,4,122
341,89,1513429436990,60,5,80,15,200,10,12,60,15,240,10,600,10,4,89
342,89,1513429436992,60,5,80,15,200,10,16,60,10,160,10,600,5,20,89
343,141,1513429436993,60,5,80,15,200,10,16,60,10,160,10,600,5,20,141
344,111,1513429436995,60,5,80,15,200,10,16,60,10,160,10,600,5,20,111
345,116,1513429436999,60,5,80,15,200,10,16,60,10,160,10,600,5,20,116
346,100,1513429437003,60,5,80,15,200,10,16,60,10,160,10,600,5,20,100
347,76,1513429437004,60,5,80,15,200,10,16,60,10,160,10,600,5,20,76
348,88,1513429437006,60,5,80,15,200,10,16,60,10,160,10,600,5,20,88
349,96,1513429437016,60,5,80,15,200,10,16,60,10,160,10,600,5,20,96
350,107,1513429437018,60,5,80,15,200,10,16,60,10,160,10,600,5,20,107
352,97,1513429437023,60,5,80,15,200,10,20,120,10,160,15,600,15,12,97
353,96,1513429437027,60,5,80,15,200,10,20,120,10,160,15,600,15,12,96
354,118,1513429437030,60,5,80,15,200,10,20,120,10,160,15,600,15,12,118
355,80,1513429437032,60,5,80,15,200,10,20,120,10,160,15,600,15,12,80
356,80,1513429437034,60,5,80,15,200,10,20,120,10,160,15,600,15,12,80
357,90,1513429437036,60,5,80,15,200,10,20,120,10,160,15,600,15,12,90
358,71,1513429437040,60,5,80,15,200,10,20,120,10,160,15,600,15,12,71
359,95,1513429437043,60,5,80,15,200,10,20,120,10,160,15,600,15,12,95
360,71,1513429437045,60,5,80,15,200,15,4,60,15,240,10,400,5,4,71
361,93,1513429437047,60,5,80,15,200,15,4,60,15,240,10,400,5,4,93
362,91,1513429437049,60,5,80,15,200,15,4,60,15,240,10,400,5,4,91
365,96,1513429437063,60,5,80,15,200,15,4,60,15,240,10,400,5,4,96
366,94,1513429437068,60,5,80,15,200,15,4,60,15,240,10,400,5,4,94
367,90,1513429437075,60,5,80,15,200,15,4,60,15,240,10,400,5,4,90
369,83,1513429437087,60,5,80,15,200,15,8,180,15,160,15,600,5,4,83
370,104,1513429437090,60,5,80,15,200,15,8,180,15,160,15,600,5,4,104
371,118,1513429437091,60,5,80,15,200,15,8,180,15,160,15,600,5,4,118
372,102,1513429437093,60,5,80,15,200,15,8,180,15,160,15,600,5,4,102
374,100,1513429437110,60,5,80,15,200,15,8,180,15,160,15,600,5,4,100
375,82,1513429437112,60,5,80,15,200,15,8,180,15,160,15,600,5,4,82
376,100,1513429437113,60,5,80,15,200,15,8,180,15,160,15,600,5,4,100
377,83,1513429437116,60,5,80,15,200,15,8,180,15,160,15,600,5,4,83
378,92,1513429437120,60,5,80,15,200,15,12,120,5,240,5,600,15,12,92
379,108,1513429437123,60,5,80,15,200,15,12,120,5,240,5,600,15,12,108
380,84,1513429437125,60,5,80,15,200,15,12,120,5,240,5,600,15,12,84
381,100,1513429437127,60,5,80,15,200,15,12,120,5,240,5,600,15,12,100
382,110,1513429437131,60,5,80,15,200,15,12,120,5,240,5,600,15,12,110
383,98,1513429437135,60,5,80,15,200,15,12,120,5,240,5,600,15,12,98
384,109,1513429437138,60,5,80,15,200,15,12,120,5,240,5,600,15,12,109
385,89,1513429437138,60,5,80,15,200,15,12,120,5,240,5,600,15,12,89
386,106,1513429437139,60,5,80,15,200,15,12,120,5,240,5,600,15,12,106
387,72,1513429437140,60,5,80,15,200,15,16,120,5,160,10,400,15,12,72
388,112,1513429437143,60,5,80,15,200,15,16,120,5,160,10,400,15,12,112
389,90,1513429437145,60,5,80,15,200,15,16,120,5,160,10,400,15,12,90
390,91,1513429437146,60,5,80,15,200,15,16,120,5,160,10,400,15,12,91
391,80,1513429437148,60,5,80,15,200,15,16,120,5,160,10,400,15,12,80
392,113,1513429437151,60,5,80,15,200,15,16,120,5,160,10,400,15,12,113
393,89,1513429437151,60,5,80,15,200,15,16,120,5,160,10,400,15,12,89
394,98,1513429437152,60,5,80,15,200,15,16,120,5,160,10,400,15,12,98
395,74,1513429437153,60,5,80,15,200,15,16,120,5,160,10,400,15,12,74
396,99,1513429437155,60,5,80,15,200,15,20,180,10,160,15,600,15,4,99
397,82,1513429437157,60,5,80,15,200,15,20,180,10,160,15,600,15,4,82
398,95,1513429437157,60,5,80,15,200,15,20,180,10,160,15,600,15,4,95
399,105,1513429437159,60,5,80,15,200,15,20,180,10,160,15,600,15,4,105
400,110,1513429437162,60,5,80,15,200,15,20,180,10,160,15,600,15,4,110
401,88,1513429437165,60,5,80,15,200,15,20,180,10,160,15,600,15,4,88
402,81,1513429437168,60,5,80,15,200,15,20,180,10,160,15,600,15,4,81
404,79,1513429437171,60,5,80,15,200,15,20,180,10,160,15,600,15,4,79
405,118,1513429437174,60,10,80,5,200,5,4,180,10,160,15,400,10,16,118
406,88,1513429437179,60,10,80,5,200,5,4,180,10,160,15,400,10,16,88
407,81,1513429437180,60,10,80,5,200,5,4,180,10,160,15,400,10,16,81
410,71,1513429437186,60,10,80,5,200,5,4,180,10,160,15,400,10,16,71
411,73,1513429437189,60,10,80,5,200,5,4,180,10,160,15,400,10,16,73
412,89,1513429437189,60,10,80,5,200,5,4,180,10,160,15,400,10,16,89
413,99,1513429437190,60,10,80,5,200,5,4,180,10,160,15,400,10,16,99
414,119,1513429437195,60,10,80,5,200,5,8,180,5,240,10,400,5,12,119
416,94,1513429437201,60,10,80,5,200,5,8,180,5,240,10,400,5,12,94
417,102,1513429437202,60,10,80,5,200,5,8,180,5,240,10,400,5,12,102
418,88,1513429437203,60,10,80,5,200,5,8,180,5,240,10,400,5,12,88
419,77,1513429437203,60,10,80,5,200,5,8,180,5,240,10,400,5,12,77
420,129,1513429437206,60,10,80,5,200,5,8,180,5,240,10,400,5,12,129
421,63,1513429437206,60,10,80,5,200,5,8,180,5,240,10,400,5,12,63
424,93,1513429437212,60,10,80,5,200,5,12,60,5,160,15,200,15,12,93
426,87,1513429437218,60,10,80,5,200,5,12,60,5,160,15,200,15,12,87
427,83,1513429437218,60,10,80,5,200,5,12,60,5,160,15,200,15,12,83
428,110,1513429437221,60,10,80,5,200,5,12,60,5,160,15,200,15,12,110
429,69,1513429437222,60,10,80,5,200,5,12,60,5,160,15,200,15,12,69
431,92,1513429437226,60,10,80,5,200,5,12,60,5,160,15,200,15,12,92
433,107,1513429437247,60,10,80,5,200,5,16,60,5,80,15,400,5,8,107
435,96,1513429437250,60,10,80,5,200,5,16,60,5,80,15,400,5,8,96
436,90,1513429437252,60,10,80,5,200,5,16,60,5,80,15,400,5,8,90
437,100,1513429437254,60,10,80,5,200,5,16,60,5,80,15,400,5,8,100
439,81,1513429437263,60,10,80,5,200,5,16,60,5,80,15,400,5,8,81
440,90,1513429437264,60,10,80,5,200,5,16,60,5,80,15,400,5,8,90
441,151,1513429437266,60,10,80,5,200,5,20,180,5,80,15,200,5,20,151
444,110,1513429437271,60,10,80,5,200,5,20,180,5,80,15,200,5,20,110
447,87,1513429437285,60,10,80,5,200,5,20,180,5,80,15,200,5,20,87
448,112,1513429437285,60,10,80,5,200,5,20,180,5,80,15,200,5,20,112
449,152,1513429437287,60,10,80,5,200,5,20,180,5,80,15,200,5,20,152
450,81,1513429437288,60,10,80,5,200,10,4,120,5,80,5,600,5,8,81
451,90,1513429437290,60,10,80,5,200,10,4,120,5,80,5,600,5,8,90
452,78,1513429437290,60,10,80,5,200,10,4,120,5,80,5,600,5,8,78
453,125,1513429437293,60,10,80,5,200,10,4,120,5,80,5,600,5,8,125
454,87,1513429437295,60,10,80,5,200,10,4,120,5,80,5,600,5,8,87
456,81,1513429437300,60,10,80,5,200,10,4,120,5,80,5,600,5,8,81
457,92,1513429437301,60,10,80,5,200,10,4,120,5,80,5,600,5,8,92
458,101,1513429437302,60,10,80,5,200,10,4,120,5,80,5,600,5,8,101
459,96,1513429437305,60,10,80,5,200,10,8,120,15,80,15,400,10,8,96
460,110,1513429437315,60,10,80,5,200,10,8,120,15,80,15,400,10,8,110
463,87,1513429437318,60,10,80,5,200,10,8,120,15,80,15,400,10,8,87
465,81,1513429437321,60,10,80,5,200,10,8,120,15,80,15,400,10,8,81
466,84,1513429437322,60,10,80,5,200,10,8,120,15,80,15,400,10,8,84
467,74,1513429437323,60,10,80,5,200,10,8,120,15,80,15,400,10,8,74
470,109,1513429437340,60,10,80,5,200,10,12,60,15,80,10,200,10,20,109
472,93,1513429437346,60,10,80,5,200,10,12,60,15,80,10,200,10,20,93
473,118,1513429437348,60,10,80,5,200,10,12,60,15,80,10,200,10,20,118
474,70,1513429437350,60,10,80,5,200,10,12,60,15,80,10,200,10,20,70
475,111,1513429437351,60,10,80,5,200,10,12,60,15,80,10,200,10,20,111
477,103,1513429437355,60,10,80,5,200,10,16,60,5,160,5,200,5,8,103
478,102,1513429437356,60,10,80,5,200,10,16,60,5,160,5,200,5,8,102
480,84,1513429437359,60,10,80,5,200,10,16,60,5,160,5,200,5,8,84
482,92,1513429437362,60,10,80,5,200,10,16,60,5,160,5,200,5,8,92
484,120,1513429437364,60,10,80,5,200,10,16,60,5,160,5,200,5,8,120
485,117,1513429437365,60,10,80,5,200,10,16,60,5,160,5,200,5,8,117
487,116,1513429437368,60,10,80,5,200,10,20,120,5,80,15,600,5,20,116
489,114,1513429437377,60,10,80,5,200,10,20,120,5,80,15,600,5,20,114
491,107,1513429437381,60,10,80,5,200,10,20,120,5,80,15,600,5,20,107
493,121,1513429437386,60,10,80,5,200,10,20,120,5,80,15,600,5,20,121
494,104,1513429437388,60,10,80,5,200,10,20,120,5,80,15,600,5,20,104
495,105,1513429437390,60,10,80,5,200,15,4,120,10,160,15,600,15,12,105
496,87,1513429437391,60,10,80,5,200,15,4,120,10,160,15,600,15,12,87
497,85,1513429437393,60,10,80,5,200,15,4,120,10,160,15,600,15,12,85
498,118,1513429437394,60,10,80,5,200,15,4,120,10,160,15,600,15,12,118
499,97,1513429437395,60,10,80,5,200,15,4,120,10,160,15,600,15,12,97
500,93,1513429437396,60,10,80,5,200,15,4,120,10,160,15,600,15,12,93
501,94,1513429437398,60,10,80,5,200,15,4,120,10,160,15,600,15,12,94
503,120,1513429437401,60,10,80,5,200,15,4,120,10,160,15,600,15,12,120
504,111,1513429437402,60,10,80,5,200,15,8,180,15,240,10,600,10,12,111
505,88,1513429437403,60,10,80,5,200,15,8,180,15,240,10,600,10,12,88
506,79,1513429437405,60,10,80,5,200,15,8,180,15,240,10,600,10,12,79
507,82,1513429437405,60,10,80,5,200,15,8,180,15,240,10,600,10,12,82
509,88,1513429437416,60,10,80,5,200,15,8,180,15,240,10,600,10,12,88
510,105,1513429437419,60,10,80,5,200,15,8,180,15,240,10,600,10,12,105
511,84,1513429437419,60,10,80,5,200,15,8,180,15,240,10,600,10,12,84
512,87,1513429437420,60,10,80,5,200,15,8,180,15,240,10,600,10,12,87
513,94,1513429437421,60,10,80,5,200,15,12,120,15,240,10,400,10,16,94
514,89,1513429437422,60,10,80,5,200,15,12,120,15,240,10,400,10,16,89
515,89,1513429437423,60,10,80,5,200,15,12,120,15,240,10,400,10,16,89
517,114,1513429437426,60,10,80,5,200,15,12,120,15,240,10,400,10,16,114
518,87,1513429437427,60,10,80,5,200,15,12,120,15,240,10,400,10,16,87
519,119,1513429437428,60,10,80,5,200,15,12,120,15,240,10,400,10,16,119
520,105,1513429437429,60,10,80,5,200,15,12,120,15,240,10,400,10,16,105
521,115,1513429437432,60,10,80,5,200,15,12,120,15,240,10,400,10,16,115
522,93,1513429437433,60,10,80,5,200,15,16,60,15,80,10,600,5,20,93
526,95,1513429437460,60,10,80,5,200,15,16,60,15,80,10,600,5,20,95
533,96,1513429437474,60,10,80,5,200,15,20,60,10,240,15,400,15,8,96
534,99,1513429437475,60,10,80,5,200,15,20,60,10,240,15,400,15,8,99
535,107,1513429437476,60,10,80,5,200,15,20,60,10,240,15,400,15,8,107
536,100,1513429437477,60,10,80,5,200,15,20,60,10,240,15,400,15,8,100
538,121,1513429437488,60,10,80,5,200,15,20,60,10,240,15,400,15,8,121
539,92,1513429437489,60,10,80,5,200,15,20,60,10,240,15,400,15,8,92
540,86,1513429437490,60,10,80,10,200,5,4,180,15,240,5,200,10,16,86
541,187,1513429437492,60,10,80,10,200,5,4,180,15,240,5,200,10,16,187
542,90,1513429437493,60,10,80,10,200,5,4,180,15,240,5,200,10,16,90
543,87,1513429437494,60,10,80,10,200,5,4,180,15,240,5,200,10,16,87
544,92,1513429437495,60,10,80,10,200,5,4,180,15,240,5,200,10,16,92
545,146,1513429437496,60,10,80,10,200,5,4,180,15,240,5,200,10,16,146
546,82,1513429437497,60,10,80,10,200,5,4,180,15,240,5,200,10,16,82
547,102,1513429437497,60,10,80,10,200,5,4,180,15,240,5,200,10,16,102
548,135,1513429437505,60,10,80,10,200,5,4,180,15,240,5,200,10,16,135
549,82,1513429437506,60,10,80,10,200,5,8,180,10,160,10,400,15,12,82
551,98,1513429437508,60,10,80,10,200,5,8,180,10,160,10,400,15,12,98
552,88,1513429437509,60,10,80,10,200,5,8,180,10,160,10,400,15,12,88
553,96,1513429437510,60,10,80,10,200,5,8,180,10,160,10,400,15,12,96
555,78,1513429437512,60,10,80,10,200,5,8,180,10,160,10,400,15,12,78
556,128,1513429437513,60,10,80,10,200,5,8,180,10,160,10,400,15,12,128
557,95,1513429437515,60,10,80,10,200,5,8,180,10,160,10,400,15,12,95
558,120,1513429437517,60,10,80,10,200,5,12,180,10,80,15,400,15,4,120
559,84,1513429437518,60,10,80,10,200,5,12,180,10,80,15,400,15,4,84
560,115,1513429437518,60,10,80,10,200,5,12,180,10,80,15,400,15,4,115
562,64,1513429437520,60,10,80,10,200,5,12,180,10,80,15,400,15,4,64
563,109,1513429437522,60,10,80,10,200,5,12,180,10,80,15,400,15,4,109
564,131,1513429437536,60,10,80,10,200,5,12,180,10,80,15,400,15,4,131
567,108,1513429437550,60,10,80,10,200,5,16,180,15,80,5,200,15,8,108
569,109,1513429437553,60,10,80,10,200,5,16,180,15,80,5,200,15,8,109
572,99,1513429437560,60,10,80,10,200,5,16,180,15,80,5,200,15,8,99
573,96,1513429437561,60,10,80,10,200,5,16,180,15,80,5,200,15,8,96
575,78,1513429437563,60,10,80,10,200,5,16,180,15,80,5,200,15,8,78
576,85,1513429437564,60,10,80,10,200,5,20,120,5,160,15,600,10,8,85
577,100,1513429437565,60,10,80,10,200,5,20,120,5,160,15,600,10,8,100
578,99,1513429437568,60,10,80,10,200,5,20,120,5,160,15,600,10,8,99
579,111,1513429437569,60,10,80,10,200,5,20,120,5,160,15,600,10,8,111
580,88,1513429437569,60,10,80,10,200,5,20,120,5,160,15,600,10,8,88
581,87,1513429437570,60,10,80,10,200,5,20,120,5,160,15,600,10,8,87
582,117,1513429437572,60,10,80,10,200,5,20,120,5,160,15,600,10,8,117
585,86,1513429437577,60,10,80,10,200,10,4,60,5,160,10,200,5,4,86
587,94,1513429437579,60,10,80,10,200,10,4,60,5,160,10,200,5,4,94
588,96,1513429437582,60,10,80,10,200,10,4,60,5,160,10,200,5,4,96
590,110,1513429437586,60,10,80,10,200,10,4,60,5,160,10,200,5,4,110
591,78,1513429437587,60,10,80,10,200,10,4,60,5,160,10,200,5,4,78
592,74,1513429437588,60,10,80,10,200,10,4,60,5,160,10,200,5,4,74
593,72,1513429437589,60,10,80,10,200,10,4,60,5,160,10,200,5,4,72
594,93,1513429437600,60,10,80,10,200,10,8,180,10,240,15,600,10,20,93
595,95,1513429437601,60,10,80,10,200,10,8,180,10,240,15,600,10,20,95
596,96,1513429437602,60,10,80,10,200,10,8,180,10,240,15,600,10,20,96
597,91,1513429437603,60,10,80,10,200,10,8,180,10,240,15,600,10,20,91
598,109,1513429437605,60,10,80,10,200,10,8,180,10,240,15,600,10,20,109
599,97,1513429437606,60,10,80,10,200,10,8,180,10,240,15,600,10,20,97
600,107,1513429437607,60,10,80,10,200,10,8,180,10,240,15,600,10,20,107
602,87,1513429437610,60,10,80,10,200,10,8,180,10,240,15,600,10,20,87
603,108,1513429437611,60,10,80,10,200,10,12,60,10,160,15,600,15,8,108
604,94,1513429437612,60,10,80,10,200,10,12,60,10,160,15,600,15,8,94
606,87,1513429437616,60,10,80,10,200,10,12,60,10,160,15,600,15,8,87
608,108,1513429437619,60,10,80,10,200,10,12,60,10,160,15,600,15,8,108
610,88,1513429437624,60,10,80,10,200,10,12,60,10,160,15,600,15,8,88
611,115,1513429437625,60,10,80,10,200,10,12,60,10,160,15,600,15,8,115
612,132,1513429437627,60,10,80,10,200,10,16,180,10,80,10,400,15,4,132
614,146,1513429437633,60,10,80,10,200,10,16,180,10,80,10,400,15,4,146
615,84,1513429437634,60,10,80,10,200,10,16,180,10,80,10,400,15,4,84
617,145,1513429437637,60,10,80,10,200,10,16,180,10,80,10,400,15,4,145
620,94,1513429437641,60,10,80,10,200,10,16,180,10,80,10,400,15,4,94
623,103,1513429437646,60,10,80,10,200,10,20,60,15,160,10,400,5,8,103
624,88,1513429437647,60,10,80,10,200,10,20,60,15,160,10,400,5,8,88
625,95,1513429437648,60,10,80,10,200,10,20,60,15,160,10,400,5,8,95
626,94,1513429437649,60,10,80,10,200,10,20,60,15,160,10,400,5,8,94
627,101,1513429437652,60,10,80,10,200,10,20,60,15,160,10,400,5,8,101
629,138,1513429437655,60,10,80,10,200,10,20,60,15,160,10,400,5,8,138
631,119,1513429437657,60,10,80,10,200,15,4,120,10,240,5,200,10,20,119
632,82,1513429437658,60,10,80,10,200,15,4,120,10,240,5,200,10,20,82
633,81,1513429437659,60,10,80,10,200,15,4,120,10,240,5,200,10,20,81
635,94,1513429437664,60,10,80,10,200,15,4,120,10,240,5,200,10,20,94
636,86,1513429437664,60,10,80,10,200,15,4,120,10,240,5,200,10,20,86
637,100,1513429437666,60,10,80,10,200,15,4,120,10,240,5,200,10,20,100
639,124,1513429437669,60,10,80,10,200,15,8,60,5,160,15,600,5,8,124
640,132,1513429437670,60,10,80,10,200,15,8,60,5,160,15,600,5,8,132
641,99,1513429437672,60,10,80,10,200,15,8,60,5,160,15,600,5,8,99
642,104,1513429437674,60,10,80,10,200,15,8,60,5,160,15,600,5,8,104
643,107,1513429437675,60,10,80,10,200,15,8,60,5,160,15,600,5,8,107
644,107,1513429437677,60,10,80,10,200,15,8,60,5,160,15,600,5,8,107
647,144,1513429437681,60,10,80,10,200,15,8,60,5,160,15,600,5,8,144
648,104,1513429437682,60,10,80,10,200,15,12,180,15,160,5,400,15,20,104
649,164,1513429437687,60,10,80,10,200,15,12,180,15,160,5,400,15,20,164
650,95,1513429437688,60,10,80,10,200,15,12,180,15,160,5,400,15,20,95
651,104,1513429437688,60,10,80,10,200,15,12,180,15,160,5,400,15,20,104
652,148,1513429437690,60,10,80,10,200,15,12,180,15,160,5,400,15,20,148
654,93,1513429437692,60,10,80,10,200,15,12,180,15,160,5,400,15,20,93
655,109,1513429437694,60,10,80,10,200,15,12,180,15,160,5,400,15,20,109
656,107,1513429437695,60,10,80,10,200,15,12,180,15,160,5,400,15,20,107
658,79,1513429437697,60,10,80,10,200,15,16,120,15,160,15,600,5,20,79
659,91,1513429437698,60,10,80,10,200,15,16,120,15,160,15,600,5,20,91
660,154,1513429437700,60,10,80,10,200,15,16,120,15,160,15,600,5,20,154
662,163,1513429437707,60,10,80,10,200,15,16,120,15,160,15,600,5,20,163
664,108,1513429437711,60,10,80,10,200,15,16,120,15,160,15,600,5,20,108
666,129,1513429437715,60,10,80,10,200,15,20,60,10,160,5,200,5,20,129
667,122,1513429437716,60,10,80,10,200,15,20,60,10,160,5,200,5,20,122
668,80,1513429437717,60,10,80,10,200,15,20,60,10,160,5,200,5,20,80
669,112,1513429437718,60,10,80,10,200,15,20,60,10,160,5,200,5,20,112
671,127,1513429437722,60,10,80,10,200,15,20,60,10,160,5,200,5,20,127
673,122,1513429437738,60,10,80,10,200,15,20,60,10,160,5,200,5,20,122
675,101,1513429437740,60,10,80,15,200,5,4,60,10,160,5,200,10,16,101
680,100,1513429437763,60,10,80,15,200,5,4,60,10,160,5,200,10,16,100
684,117,1513429437767,60,10,80,15,200,5,8,120,5,240,10,200,10,4,117
686,127,1513429437768,60,10,80,15,200,5,8,120,5,240,10,200,10,4,127
690,116,1513429437772,60,10,80,15,200,5,8,120,5,240,10,200,10,4,116
693,114,1513429437776,60,10,80,15,200,5,12,60,15,160,15,200,15,4,114
694,96,1513429437777,60,10,80,15,200,5,12,60,15,160,15,200,15,4,96
695,88,1513429437779,60,10,80,15,200,5,12,60,15,160,15,200,15,4,88
697,80,1513429437782,60,10,80,15,200,5,12,60,15,160,15,200,15,4,80
698,160,1513429437786,60,10,80,15,200,5,12,60,15,160,15,200,15,4,160
699,159,1513429437788,60,10,80,15,200,5,12,60,15,160,15,200,15,4,159
702,84,1513429437792,60,10,80,15,200,5,16,180,5,80,5,400,15,16,84
703,93,1513429437793,60,10,80,15,200,5,16,180,5,80,5,400,15,16,93
704,95,1513429437796,60,10,80,15,200,5,16,180,5,80,5,400,15,16,95
706,99,1513429437798,60,10,80,15,200,5,16,180,5,80,5,400,15,16,99
707,100,1513429437799,60,10,80,15,200,5,16,180,5,80,5,400,15,16,100
708,124,1513429437801,60,10,80,15,200,5,16,180,5,80,5,400,15,16,124
709,112,1513429437802,60,10,80,15,200,5,16,180,5,80,5,400,15,16,112
711,130,1513429437807,60,10,80,15,200,5,20,180,15,80,5,600,10,20,130
712,108,1513429437827,60,10,80,15,200,5,20,180,15,80,5,600,10,20,108
713,134,1513429437830,60,10,80,15,200,5,20,180,15,80,5,600,10,20,134
715,119,1513429437842,60,10,80,15,200,5,20,180,15,80,5,600,10,20,119
716,91,1513429437844,60,10,80,15,200,5,20,180,15,80,5,600,10,20,91
717,124,1513429437845,60,10,80,15,200,5,20,180,15,80,5,600,10,20,124
718,99,1513429437846,60,10,80,15,200,5,20,180,15,80,5,600,10,20,99
719,136,1513429437848,60,10,80,15,200,5,20,180,15,80,5,600,10,20,136
722,122,1513429437855,60,10,80,15,200,10,4,60,15,80,10,400,10,12,122
723,90,1513429437856,60,10,80,15,200,10,4,60,15,80,10,400,10,12,90
724,98,1513429437857,60,10,80,15,200,10,4,60,15,80,10,400,10,12,98
726,154,1513429437862,60,10,80,15,200,10,4,60,15,80,10,400,10,12,154
727,101,1513429437864,60,10,80,15,200,10,4,60,15,80,10,400,10,12,101
728,108,1513429437866,60,10,80,15,200,10,4,60,15,80,10,400,10,12,108
729,135,1513429437868,60,10,80,15,200,10,8,180,10,160,10,600,10,16,135
730,191,1513429437869,60,10,80,15,200,10,8,180,10,160,10,600,10,16,191
731,128,1513429437871,60,10,80,15,200,10,8,180,10,160,10,600,10,16,128
732,112,1513429437872,60,10,80,15,200,10,8,180,10,160,10,600,10,16,112
733,111,1513429437872,60,10,80,15,200,10,8,180,10,160,10,600,10,16,111
734,102,1513429437873,60,10,80,15,200,10,8,180,10,160,10,600,10,16,102
735,148,1513429437874,60,10,80,15,200,10,8,180,10,160,10,600,10,16,148
736,181,1513429437876,60,10,80,15,200,10,8,180,10,160,10,600,10,16,181
737,115,1513429437878,60,10,80,15,200,10,8,180,10,160,10,600,10,16,115
738,125,1513429437880,60,10,80,15,200,10,12,180,10,80,5,400,10,8,125
740,100,1513429437890,60,10,80,15,200,10,12,180,10,80,5,400,10,8,100
741,159,1513429437893,60,10,80,15,200,10,12,180,10,80,5,400,10,8,159
743,99,1513429437896,60,10,80,15,200,10,12,180,10,80,5,400,10,8,99
745,116,1513429437900,60,10,80,15,200,10,12,180,10,80,5,400,10,8,116
747,154,1513429437904,60,10,80,15,200,10,16,120,10,240,5,400,5,4,154
749,113,1513429437907,60,10,80,15,200,10,16,120,10,240,5,400,5,4,113
750,106,1513429437908,60,10,80,15,200,10,16,120,10,240,5,400,5,4,106
751,93,1513429437909,60,10,80,15,200,10,16,120,10,240,5,400,5,4,93
753,169,1513429437913,60,10,80,15,200,10,16,120,10,240,5,400,5,4,169
754,145,1513429437915,60,10,80,15,200,10,16,120,10,240,5,400,5,4,145
755,103,1513429437916,60,10,80,15,200,10,16,120,10,240,5,400,5,4,103
756,111,1513429437918,60,10,80,15,200,10,20,180,10,160,15,200,15,8,111
757,127,1513429437926,60,10,80,15,200,10,20,180,10,160,15,200,15,8,127
760,116,1513429437936,60,10,80,15,200,10,20,180,10,160,15,200,15,8,116
761,165,1513429437938,60,10,80,15,200,10,20,180,10,160,15,200,15,8,165
762,543,1513429437950,60,10,80,15,200,10,20,180,10,160,15,200,15,8,543
764,114,1513429437974,60,10,80,15,200,10,20,180,10,160,15,200,15,8,114
766,90,1513429437977,60,10,80,15,200,15,4,120,5,240,15,200,15,12,90
767,127,1513429437979,60,10,80,15,200,15,4,120,5,240,15,200,15,12,127
768,114,1513429437979,60,10,80,15,200,15,4,120,5,240,15,200,15,12,114
770,130,1513429437989,60,10,80,15,200,15,4,120,5,240,15,200,15,12,130
771,127,1513429437990,60,10,80,15,200,15,4,120,5,240,15,200,15,12,127
776,216,1513429438007,60,10,80,15,200,15,8,180,15,240,10,600,5,16,216
779,128,1513429438012,60,10,80,15,200,15,8,180,15,240,10,600,5,16,128
781,112,1513429438026,60,10,80,15,200,15,8,180,15,240,10,600,5,16,112
784,119,1513429438031,60,10,80,15,200,15,12,60,10,80,5,200,15,12,119
789,177,1513429438040,60,10,80,15,200,15,12,60,10,80,5,200,15,12,177
792,146,1513429438053,60,10,80,15,200,15,16,180,15,240,10,400,15,16,146
793,115,1513429438077,60,10,80,15,200,15,16,180,15,240,10,400,15,16,115
794,103,1513429438078,60,10,80,15,200,15,16,180,15,240,10,400,15,16,103
795,123,1513429438080,60,10,80,15,200,15,16,180,15,240,10,400,15,16,123
797,147,1513429438093,60,10,80,15,200,15,16,180,15,240,10,400,15,16,147
798,114,1513429438094,60,10,80,15,200,15,16,180,15,240,10,400,15,16,114
799,143,1513429438097,60,10,80,15,200,15,16,180,15,240,10,400,15,16,143
801,192,1513429438102,60,10,80,15,200,15,20,180,10,80,10,200,5,20,192
805,153,1513429438118,60,10,80,15,200,15,20,180,10,80,10,200,5,20,153
808,321,1513429438136,60,10,80,15,200,15,20,180,10,80,10,200,5,20,321
810,93,1513429438139,60,15,80,5,200,5,4,180,10,80,5,600,10,12,93
811,131,1513429438141,60,15,80,5,200,5,4,180,10,80,5,600,10,12,131
812,133,1513429438143,60,15,80,5,200,5,4,180,10,80,5,600,10,12,133
813,137,1513429438144,60,15,80,5,200,5,4,180,10,80,5,600,10,12,137
814,153,1513429438146,60,15,80,5,200,5,4,180,10,80,5,600,10,12,153
815,185,1513429438148,60,15,80,5,200,5,4,180,10,80,5,600,10,12,185
816,138,1513429438149,60,15,80,5,200,5,4,180,10,80,5,600,10,12,138
818,119,1513429438151,60,15,80,5,200,5,4,180,10,80,5,600,10,12,119
820,121,1513429438155,60,15,80,5,200,5,8,120,10,240,10,600,5,16,121
821,119,1513429438156,60,15,80,5,200,5,8,120,10,240,10,600,5,16,119
822,167,1513429438158,60,15,80,5,200,5,8,120,10,240,10,600,5,16,167
823,343,1513429438164,60,15,80,5,200,5,8,120,10,240,10,600,5,16,343
824,528,1513429438182,60,15,80,5,200,5,8,120,10,240,10,600,5,16,528
825,160,1513429438185,60,15,80,5,200,5,8,120,10,240,10,600,5,16,160
831,129,1513429438248,60,15,80,5,200,5,12,180,10,240,15,600,5,20,129
832,90,1513429438249,60,15,80,5,200,5,12,180,10,240,15,600,5,20,90
835,110,1513429438271,60,15,80,5,200,5,12,180,10,240,15,600,5,20,110
838,105,1513429438386,60,15,80,5,200,5,16,60,15,240,15,200,5,12,105
842,120,1513429438404,60,15,80,5,200,5,16,60,15,240,15,200,5,12,120
846,327,1513429438420,60,15,80,5,200,5,20,180,10,160,15,400,10,20,327
847,141,1513429438421,60,15,80,5,200,5,20,180,10,160,15,400,10,20,141
848,119,1513429438422,60,15,80,5,200,5,20,180,10,160,15,400,10,20,119
853,154,1513429438450,60,15,80,5,200,5,20,180,10,160,15,400,10,20,154
856,119,1513429438461,60,15,80,5,200,10,4,180,10,80,10,200,5,20,119
857,138,1513429438463,60,15,80,5,200,10,4,180,10,80,10,200,5,20,138
860,227,1513429438513,60,15,80,5,200,10,4,180,10,80,10,200,5,20,227
862,105,1513429438557,60,15,80,5,200,10,4,180,10,80,10,200,5,20,105
863,118,1513429438569,60,15,80,5,200,10,4,180,10,80,10,200,5,20,118
864,125,1513429438570,60,15,80,5,200,10,8,120,5,80,15,600,5,16,125
865,151,1513429438580,60,15,80,5,200,10,8,120,5,80,15,600,5,16,151
866,154,1513429438582,60,15,80,5,200,10,8,120,5,80,15,600,5,16,154
873,147,1513429438724,60,15,80,5,200,10,12,120,15,160,15,400,15,8,147
874,153,1513429438726,60,15,80,5,200,10,12,120,15,160,15,400,15,8,153
875,137,1513429438728,60,15,80,5,200,10,12,120,15,160,15,400,15,8,137
876,250,1513429438731,60,15,80,5,200,10,12,120,15,160,15,400,15,8,250
877,128,1513429438733,60,15,80,5,200,10,12,120,15,160,15,400,15,8,128
883,183,1513429438755,60,15,80,5,200,10,16,60,5,240,15,400,5,12,183
884,149,1513429438757,60,15,80,5,200,10,16,60,5,240,15,400,5,12,149
885,237,1513429438761,60,15,80,5,200,10,16,60,5,240,15,400,5,12,237
887,218,1513429438766,60,15,80,5,200,10,16,60,5,240,15,400,5,12,218
899,156,1513429438997,60,15,80,5,200,10,20,120,15,80,15,400,15,12,156
900,163,1513429438999,60,15,80,5,200,15,4,60,10,160,5,600,5,4,163
902,165,1513429439003,60,15,80,5,200,15,4,60,10,160,5,600,5,4,165
903,152,1513429439004,60,15,80,5,200,15,4,60,10,160,5,600,5,4,152
905,163,1513429439009,60,15,80,5,200,15,4,60,10,160,5,600,5,4,163
906,207,1513429439012,60,15,80,5,200,15,4,60,10,160,5,600,5,4,207
907,107,1513429439014,60,15,80,5,200,15,4,60,10,160,5,600,5,4,107
910,126,1513429439060,60,15,80,5,200,15,8,120,15,240,10,600,10,20,126
913,207,1513429439124,60,15,80,5,200,15,8,120,15,240,10,600,10,20,207
914,189,1513429439128,60,15,80,5,200,15,8,120,15,240,10,600,10,20,189
916,337,1513429439208,60,15,80,5,200,15,8,120,15,240,10,600,10,20,337
917,100,1513429439211,60,15,80,5,200,15,8,120,15,240,10,600,10,20,100
918,171,1513429439214,60,15,80,5,200,15,12,60,15,240,15,400,10,16,171
919,180,1513429439217,60,15,80,5,200,15,12,60,15,240,15,400,10,16,180
922,164,1513429439287,60,15,80,5,200,15,12,60,15,240,15,400,10,16,164
923,193,1513429439291,60,15,80,5,200,15,12,60,15,240,15,400,10,16,193
925,277,1513429439373,60,15,80,5,200,15,12,60,15,240,15,400,10,16,277
927,150,1513429439451,60,15,80,5,200,15,16,180,15,240,10,600,15,16,150
928,176,1513429439454,60,15,80,5,200,15,16,180,15,240,10,600,15,16,176
934,191,1513429439563,60,15,80,5,200,15,16,180,15,240,10,600,15,16,191
938,264,1513429439637,60,15,80,5,200,15,20,180,10,80,10,400,15,8,264
939,170,1513429439644,60,15,80,5,200,15,20,180,10,80,10,400,15,8,170
940,177,1513429439647,60,15,80,5,200,15,20,180,10,80,10,400,15,8,177
943,178,1513429439769,60,15,80,5,200,15,20,180,10,80,10,400,15,8,178
947,141,1513429439842,60,15,80,10,200,5,4,120,15,80,10,400,10,12,141
955,141,1513429440187,60,15,80,10,200,5,8,180,5,160,15,200,5,4,141
957,208,1513429440200,60,15,80,10,200,5,8,180,5,160,15,200,5,4,208
963,187,1513429440388,60,15,80,10,200,5,12,120,10,240,5,400,5,20,187
964,128,1513429440390,60,15,80,10,200,5,12,120,10,240,5,400,5,20,128
965,360,1513429440404,60,15,80,10,200,5,12,120,10,240,5,400,5,20,360
970,235,1513429440522,60,15,80,10,200,5,12,120,10,240,5,400,5,20,235
973,206,1513429440586,60,15,80,10,200,5,16,180,10,240,10,600,5,20,206
974,162,1513429440589,60,15,80,10,200,5,16,180,10,240,10,600,5,20,162
977,138,1513429440685,60,15,80,10,200,5,16,180,10,240,10,600,5,20,138
982,190,1513429440865,60,15,80,10,200,5,20,180,10,240,10,600,15,4,190
988,195,1513429441078,60,15,80,10,200,5,20,180,10,240,10,600,15,4,195
995,139,1513429441260,60,15,80,10,200,10,4,120,5,80,5,200,10,20,139
997,287,1513429441280,60,15,80,10,200,10,4,120,5,80,5,200,10,20,287
1004,112,1513429441504,60,15,80,10,200,10,8,180,5,240,15,400,10,8,112
1005,259,1513429441509,60,15,80,10,200,10,8,180,5,240,15,400,10,8,259
1008,331,1513429441633,60,15,80,10,200,10,12,60,5,80,5,400,5,12,331
1018,156,1513429441890,60,15,80,10,200,10,16,120,15,240,5,600,5,12,156
1022,418,1513429442006,60,15,80,10,200,10,16,120,15,240,5,600,5,12,418
1024,179,1513429442012,60,15,80,10,200,10,16,120,15,240,5,600,5,12,179
1038,152,1513429442483,60,15,80,10,200,15,4,120,5,240,5,400,10,12,152
1042,334,1513429442650,60,15,80,10,200,15,4,120,5,240,5,400,10,12,334
1043,161,1513429442657,60,15,80,10,200,15,4,120,5,240,5,400,10,12,161
1044,200,1513429442668,60,15,80,10,200,15,8,180,10,160,10,600,10,4,200
1045,256,1513429442672,60,15,80,10,200,15,8,180,10,160,10,600,10,4,256
1046,447,1513429442685,60,15,80,10,200,15,8,180,10,160,10,600,10,4,447
1064,195,1513429443632,60,15,80,10,200,15,16,60,10,240,10,600,5,8,195
1065,170,1513429443636,60,15,80,10,200,15,16,60,10,240,10,600,5,8,170
1079,504,1513429444494,60,15,80,10,200,15,20,60,15,80,5,400,15,12,504
1080,223,1513429444500,60,15,80,15,200,5,4,120,15,240,10,600,15,4,223
1116,236,1513429446624,60,15,80,15,200,5,20,120,15,240,10,400,5,20,236
1131,143,1513429447619,60,15,80,15,200,10,4,180,15,80,15,600,10,8,143
1139,303,1513429448209,60,15,80,15,200,10,8,60,10,160,15,600,10,4,303
1141,688,1513429448309,60,15,80,15,200,10,8,60,10,160,15,600,10,4,688
1171,267,1513429450318,60,15,80,15,200,15,4,180,5,80,10,600,10,4,267
1305,277,1513429456905,60,5,80,5,400,15,4,60,15,240,10,600,5,8,277
